<configuration>

<definition component="SolarCollector">
</definition>

<definition component="Environment">
<parm name="starTime">14500</parm>
<parm name="rotationalPeriod">10000000</parm> 
<parm name="degradation">50</parm>
</definition>

<definition component="Monitor"> 
<parm name="logFile">logfile.txt</parm>
</definition>

<definition component="StarSensor">
<parm name="fieldOfView">0.174533</parm>
<parm name="starFile">SaoChart.txt</parm>
</definition>

<definition component ="Device"> 
</definition>

<frame rate="1000000">
<device>SolarCollector</device>
<device>Device</device> 
<device>StarSensor</device>
<device>Device</device> </frame>
</configuration>